,Open,High,Low,Close,Volume,Change
LinearRegression,71845.72241009818,72199.56019695339,71122.09814143201,71658.02129206012,14349057.124555971,-0.004089961496899333
LGBMRegressor,71573.61324462308,72233.56226621933,71466.19419757194,71825.52582909112,14238972.334107084,0.002259059567660878
RandomForestRegressor,71658.0,72353.0,71303.0,71856.0,13999473.36,-0.003963776883639209
KNeighborsRegressor,64200.0,64630.0,63800.0,64270.0,12816845.8,0.004815895741990139
DecisionTreeRegressor,71900.0,72700.0,71000.0,71800.0,12064287.0,-0.0237430167597765
GradientBoostingRegressor,71716.63031727982,72130.82869190798,71369.07353460634,71913.77618613659,15217789.969057987,-0.0029271655523674216
XGBRegressor,71892.203125,72052.3984375,71186.578125,72184.4453125,13797436.0,-0.009811246767640114
