,Open,High,Low,Close,Volume,Change
LinearRegression,71703.20346273528,72237.48063154482,70981.1764675985,71552.30847798639,14225939.020782117,0.0005090648385110003
LGBMRegressor,71625.31826958012,72165.54679744523,71267.26246362258,71839.74053919566,12042280.01415775,0.0030209445267613487
RandomForestRegressor,72014.0,72292.0,71232.0,71867.0,11856690.45,-0.0019880848632981164
KNeighborsRegressor,64580.0,64800.0,63900.0,64380.0,11482350.2,-0.00236881941506552
DecisionTreeRegressor,72400.0,72300.0,71600.0,71400.0,10722181.0,0.0107692307692308
GradientBoostingRegressor,71277.37404463752,72048.1212056447,70616.85522278276,71597.24736554231,12676918.366941689,-0.0015915436730521476
XGBRegressor,72002.484375,72389.40625,71240.8671875,71439.8515625,11066614.0,0.0009598078322596848
