,Open,High,Low,Close,Volume,Change
LinearRegression,50977.64228333768,51630.324430802415,50489.08449690515,50734.274853815135,1186166.9064031085,-0.001378634472348643
LGBMRegressor,51457.08945590734,51638.302111589655,51188.93250017544,50473.74169859703,1748411.6908023036,-0.001601488153504318
RandomForestRegressor,50677.9,51746.09,50458.4,50992.36,1450094.38,-0.002836439845015878
KNeighborsRegressor,53067.6,53468.0,51524.4,51824.6,1575422.0,-0.02834665571367394
DecisionTreeRegressor,50200.0,51000.0,50700.0,50300.0,1268925.0,0.0170511534603812
GradientBoostingRegressor,50876.238250739836,52205.986719728855,50949.01503746404,51602.7519572985,1677745.351292306,0.00018371173907592988
XGBRegressor,50990.11328125,51819.31640625,50271.22265625,50893.99609375,1494919.5,0.005158266052603722
