,Open,High,Low,Close,Volume,Change
LinearRegression,51586.98466590813,52427.239195878305,51212.439305018816,51945.5611103597,1758769.0400792658,0.0004006640139590789
LGBMRegressor,52637.158197627665,53152.73688266799,51416.2965974194,52043.245648890384,2290092.699563627,-0.015558895719937467
RandomForestRegressor,51784.2,52759.34,51177.74,51757.73,1796958.39,-0.005887208694983371
KNeighborsRegressor,66090.0,67520.0,65050.0,66410.0,1662724.8,-0.0008215446881397403
DecisionTreeRegressor,51482.0,52000.0,50100.0,52500.0,2131119.0,-0.0465444287729196
GradientBoostingRegressor,52588.89656831677,54014.12623112446,51622.038251504746,52489.07745623319,1906050.0386484868,-0.004182653009526042
XGBRegressor,52668.609375,53268.578125,51630.41015625,52530.71875,2114582.5,-0.005549588706344366
