Model Name,real_rise,rise_pred_count,real_fall,fall_pred_count,Rise_pred Accuracy,Fall_pred Accuracy
LinearRegression,15,2,15,28,100.0,53.57142857142857
LGBMRegressor,15,13,15,17,61.53846153846154,58.82352941176471
RandomForestRegressor,15,9,15,21,55.55555555555556,52.38095238095239
KNeighborsRegressor,15,13,15,17,53.84615384615385,52.94117647058824
DecisionTreeRegressor,15,16,15,14,43.75,42.857142857142854
GradientBoostingRegressor,15,9,15,21,55.55555555555556,52.38095238095239
XGBRegressor,15,13,15,17,61.53846153846154,58.82352941176471
