,Open,High,Low,Close,Volume,Change
LinearRegression,71188.9050745783,71618.85930493053,70583.8485471394,71046.1509360268,12333112.160274286,-0.0019951735840387473
LGBMRegressor,71441.70830734458,71675.1893815492,70874.25917007004,71541.2654531887,10906769.596889107,0.00815337521021889
RandomForestRegressor,71387.0,71840.0,71092.0,71584.0,11508116.07,0.005239659217513753
KNeighborsRegressor,68240.0,69220.0,68080.0,68900.0,10936450.2,0.00429908392729444
DecisionTreeRegressor,70500.0,71700.0,71300.0,72100.0,9829407.0,0.0140845070422535
GradientBoostingRegressor,71268.0175347999,71662.07707584025,70729.04044915826,71325.354377963,12463889.77293679,0.0004207829870096864
XGBRegressor,71493.53125,71622.2421875,71633.8671875,71472.609375,11267900.0,0.006392990238964558
